call-1,,
call-3,62,74
,89,100
,351,361
,424,431
,481,489
,3898,3907
,3914,4042
,4519,4551
,4605,4630
,4634,4655
,4699,4705
,4819,4836
,5168,5241
,5246,5338
,5341,5389
,5410,5476
,5954,5975
,6107,6118
,6121,6133
,6151,6170
,6174,6183
,6376,6388
,7187,7227
,14944,14951
,14965,15045
,15049,15084
,15094,15100
,15105,15476
call-5,,
call-10,133,146
,275,292
,384,500
,510,556
,582,795
,1002,1008
,9940,9987
,9995,10248
,10262,11199
,11224,11270
,11285,11572
,11591,11634
,11640,11780
,11793,11837
,11846,11865
,11920,11930
,13263,13477
,15402,15450
,15538,15565
call-11,12,14
,43,62
,125,151
,179,184
,589,606
,614,641
,3669,3723
,3777,3811
,3869,3962
,3982,4002
,4006,4088
,4102,4819
,12654,12695
,14756,14801
,14831,15019
,15053,15074
,15084,15094
,15168,15654